{
  "timestamp": "2025-09-15T07:35:34.729916",
  "test_type": "frame_indexed_heatmap_verification",
  "current_observation_frame": 6,
  "selected_keyframes": [
    [
      5,
      0,
      6,
      7,
      1,
      4,
      3,
      2
    ]
  ],
  "num_heatmaps_generated": 8,
  "frame_indices_with_heatmaps": [
    5,
    0,
    6,
    7,
    1,
    4,
    3,
    2
  ],
  "heatmap_statistics": {
    "5": {
      "shape": [
        1,
        3136,
        3136
      ],
      "min": -0.10024724155664444,
      "max": 0.006588411051779985,
      "mean": -0.058709681034088135,
      "std": 0.01107826828956604,
      "non_zero_ratio": 1.0
    },
    "0": {
      "shape": [
        1,
        3136,
        3136
      ],
      "min": -0.10079081356525421,
      "max": 0.009347009472548962,
      "mean": -0.05888090282678604,
      "std": 0.011156756430864334,
      "non_zero_ratio": 1.0
    },
    "6": {
      "shape": [
        1,
        3136,
        3136
      ],
      "min": -0.09832160174846649,
      "max": 0.007665197364985943,
      "mean": -0.058981891721487045,
      "std": 0.01109031867235899,
      "non_zero_ratio": 1.0
    },
    "7": {
      "shape": [
        1,
        3136,
        3136
      ],
      "min": -0.09936483204364777,
      "max": 0.00940086878836155,
      "mean": -0.058909837156534195,
      "std": 0.011290346272289753,
      "non_zero_ratio": 1.0
    },
    "1": {
      "shape": [
        1,
        3136,
        3136
      ],
      "min": -0.09696950018405914,
      "max": 0.012997744604945183,
      "mean": -0.059106435626745224,
      "std": 0.01109484862536192,
      "non_zero_ratio": 1.0
    },
    "4": {
      "shape": [
        1,
        3136,
        3136
      ],
      "min": -0.09998743236064911,
      "max": 0.0046605803072452545,
      "mean": -0.05882382020354271,
      "std": 0.011002094484865665,
      "non_zero_ratio": 1.0
    },
    "3": {
      "shape": [
        1,
        3136,
        3136
      ],
      "min": -0.0987870991230011,
      "max": 0.009407894685864449,
      "mean": -0.059036288410425186,
      "std": 0.011091452091932297,
      "non_zero_ratio": 1.0
    },
    "2": {
      "shape": [
        1,
        3136,
        3136
      ],
      "min": -0.09996680915355682,
      "max": 0.008184380829334259,
      "mean": -0.0589001327753067,
      "std": 0.011092081665992737,
      "non_zero_ratio": 1.0
    }
  },
  "distinct_pairs": 28,
  "total_pairs": 28,
  "verification_status": "PASSED"
}